52dce655-78f7-4b1a-92ae-cb9579562c39,LongMethod,True,False
b6d4bb92-5291-4b52-ad3b-11e899cd6c80,none,True,True
a65c4559-617e-4ba6-992e-0ed99cacc4ee,ComplexMethod,False,True
186e6190-6b2e-462f-be6a-b09a9bff1d63,ComplexMethod,True,True
fb461c75-d3e1-46b3-bbef-d3f77d86ba80,none,True,True
eea024e9-96e7-4192-9c79-d33a30ad9510,none,True,True
31ec495f-14ea-4d9e-a5da-cd065f915735,ComplexMethod,True,True
634d8c74-2adf-40a7-8bb9-9c3475937185,ComplexMethod,True,True
31a3788c-dffb-47ef-97da-e784dad0240c,ComplexMethod,True,True
e1740d48-6c5c-4a35-90f6-b963dc860e0c,none,True,True
1b4a12b0-af79-4853-8af0-31f02f7293e5,none,True,True
49826042-363b-48b1-a502-65181a612856,none,True,True
6a73019c-41c8-4029-bc21-b7ac4b04e543,none,True,True
dfca75d9-41bb-4d0d-b0dd-9bca3ccd42ce,none,True,True
28393811-9d39-4631-8298-3fc1482b44ec,LongMethod,True,False
e24ec483-afb7-40f4-a4c8-9cb55117f661,none,True,True
2e1a917f-a25b-4cf0-8d80-94b792dd5241,none,True,True
797e9630-4374-4047-b163-6ee00c1d87c6,none,True,True
b1c42519-4b0c-48ea-a95a-73a1779ce840,ComplexMethod,False,True
588355ee-1825-447b-8524-42c03dcc3e29,none,True,True
a91ba16e-9d49-4ac4-8236-32bbb643e264,none,True,True
fe445d7e-f56b-4b39-a9b8-561cf6eb6623,LongMethod,True,False
fc0c24f2-eff4-43d4-89a4-ba01386081a4,LongMethod,True,False
b1d7a191-2be1-4a08-9dee-204db73b5d1c,MultiFaceted,False,True
6bf58ff6-2865-4410-9289-019a1833974c,LongMethod,True,False
78a298d2-5e14-4ae1-a975-93f1ebcb5a46,ComplexMethod,True,False
6399f5e1-5a7c-4341-821a-a43aae3a0907,none,True,True
51df134c-3f67-49d6-836f-c5311f23b908,none,True,True
a3722e8e-da8d-4bbd-9f5d-83a2185acb4a,ComplexMethod,True,True
4f01dddc-5258-49e7-83aa-e48912597edf,ComplexMethod,True,False
b2bc1109-9777-4b7f-898f-43ab0aa375ad,ComplexMethod,True,False
75cfa04d-2722-4158-9eaf-75a0db673c4a,none,True,True
050ccbe4-e81d-4d7e-8c7a-099a4b3ac29d,none,True,True
ac0dc3c9-d2d9-451c-bfd6-bf53fa239428,none,True,True
f1d50ace-61b6-4edd-836a-34c067774194,none,True,True
0fd2280a-60f7-4fe7-b38f-2cf3e954f60c,none,True,True
3575e143-94d7-4991-84df-f35ff3eb8b41,LongMethod,True,False
2db51b32-131f-4837-ad0d-3c7681c920a6,LongMethod,True,False
4005a2a0-6bc7-499f-a7da-55c696c8b62c,LongMethod,True,False
