ecbb8fb5-3840-4ef0-b9e0-0a81d91f80c6,ComplexMethod,True,False
916ffa76-35b9-4ebc-a30e-f5bc7dc02fd8,LongMethod,True,False
6695fa03-cf52-4c5b-8e36-3ca4f528e8a0,ComplexMethod,False,True
d6b0fefe-68ba-4d81-b5bc-7c2dd5b0339f,ComplexMethod,True,True
da39b710-f7da-4723-92c4-7ebe351003ec,none,True,True
2ad231df-c062-465b-817e-0bc88f41b381,none,True,True
4c6f95bc-3caf-4782-9978-914d6b2d76ec,none,True,True
b10dbb67-c08f-4326-8562-ee6db5a6e039,MultiFaceted,False,True
cd1a1f8b-a2dc-496b-a58a-9f35843ccd05,none,True,True
85be87ca-e5b3-45d9-9f4d-7624860455c8,none,True,True
cb8487ce-b53b-4393-8488-e1d44134579b,none,True,True
66170efa-b740-43ca-bc16-897905785eef,none,True,True
d7375b32-b75c-4a4a-a9e8-708c87ee20e1,none,True,True
9cf740eb-f036-4981-9563-27216d72f611,LongMethod,True,False
32cbdf0f-ab0a-4723-b1fd-081642315e3f,LongMethod,True,False
0d88c612-299a-4bc8-9203-c34d8b017df2,none,True,True
31509a9f-34eb-4f68-bf13-002e772b8ed8,none,True,True
ebd27457-f78e-4e5a-a456-5d768753d2e2,none,True,True
74dd9501-8e10-4f38-8b2b-51f1350dd01b,ComplexMethod,True,True
c03e2488-67af-4a1a-a46a-41c88178aac0,LongMethod,True,False
f7392739-80a4-4012-95cb-e8e11ecec0e0,none,True,True
58609c55-4b34-4381-a174-4e8bffc154e2,none,True,True
0359d7dd-ef76-41b7-8b5b-d4f42bda4fd7,none,True,True
da91feed-f4dc-4509-a385-be30653ff1ab,none,True,True
de20b98b-50ab-464c-8506-0cd4702c8e94,none,True,True
6adcc447-dd99-4ebf-b07a-ecd88de36927,none,True,True
5ab03a97-a484-47b8-b522-23e79306abfc,none,True,True
db23525a-d00d-424b-a191-71a94b53b6a3,none,True,True
6fb9f627-c6e8-4a44-a5ac-63b5c29cb972,none,True,True
4006d1b3-993a-4bf7-97a1-0edf6909b2fe,LongMethod,True,False
305c7e18-91cf-4170-bf5b-42ea5cdae50d,ComplexMethod,False,True
2de8a8a2-090b-40e7-948e-4470de3915bf,none,True,True
09ab226e-6feb-4c94-8e2e-4d78adeefc58,none,True,True
f37a6bc1-5b1f-422a-b443-85a0aff2ea52,none,True,True
bb0bf492-4dba-4fda-b518-965c69488c80,none,True,True
6031bb63-0341-42a5-88f1-33089ea591d0,LongMethod,True,False
82a8a0dd-6e89-4012-9cc7-ab4ca4616bcc,none,True,True
4a011e01-7613-4eb3-884c-5cc29c78fc34,none,True,True
f402a835-cd07-42eb-9a83-0ef98d41f206,LongMethod,True,False
