13d193ec-fd14-4f7e-b080-59d9474d6d6c,none,True,True
92798d25-702d-4b0f-99da-0307e34f09f1,ComplexMethod,True,False
5d221c36-d260-4de3-8cb7-675f058e4b82,LongMethod,True,False
cbb07711-e8c2-463f-831e-234bda46e96b,none,True,True
48324048-d9af-487d-8ec6-fcac61f688fe,none,True,True
66ad32a8-f9a1-4c16-b6a3-5f91dee20722,none,True,True
230b813c-604f-4a41-b9c7-36e21dedc2b4,none,True,True
2bc450d6-bd33-4dc9-b9e1-3fa1aa8b37b8,none,True,True
a719919c-cf3f-4c8d-89e7-abcdbfbf99da,ComplexMethod,True,False
17792d51-5f5c-441f-96fc-f8c2a66b6090,none,True,True
3f1e819c-89a5-42ce-a2a7-c0fbeb0ca3f5,none,True,True
4b4562f8-99f0-4519-862c-4cde89da9bff,none,True,True
1e5f1a5a-64e6-4304-bc14-54ebe836cdd0,none,True,True
873f0b5f-27e0-4b6b-83a9-5191484ae4e6,LongMethod,True,False
0a861f64-2a9e-4a03-9c9e-0018e91b3586,ComplexMethod,False,True
934f2317-4bf3-4b68-918a-ec75784f62a8,none,True,True
a59ae1b7-1795-441a-8ead-d6d5e21a63e3,none,True,True
ea8071b2-170a-4ca6-a50b-3e88296ef0e6,LongMethod,True,False
24dc3fa2-d79c-4ba8-984a-d4c60e46fbd0,none,True,True
55b432fc-dc80-416d-9fa9-ef2f7c0452db,LongMethod,True,False
b8b818d6-df2f-4fc8-a0e3-be06d4f3961f,LongMethod,True,False
b802f3d0-fc00-44ae-b54e-18d8f9d58d8c,none,True,True
24419597-b615-4e15-88c1-5188ad967c41,LongMethod,True,False
828aeb92-cb86-48b4-a8c1-4e0c7dd3c6fd,ComplexMethod,True,True
39d9f7ab-46a7-47e8-8d2c-64080c8d6a4f,none,True,True
02510c5d-a268-4bba-a042-b1891a7058a9,none,True,True
17da468a-3f15-4c5d-9911-f7deb47de156,ComplexMethod,True,True
f37c684b-927c-4cb3-9621-e85eeeca7d39,ComplexMethod,True,False
7e51efa2-5605-4ae9-ae14-3a4d5989a124,ComplexMethod,True,False
0b650a05-32f2-427c-97c3-5712a19fef35,none,True,True
b028ff87-6c74-4ae5-afc3-90d8567e2541,none,True,True
c8085e7c-1a76-4253-a35f-47c36b745e1f,none,True,True
aba194e8-ac73-4601-8b4b-9c87f5a3b354,none,True,True
f7db2982-8e68-45c0-831e-74f432f982ec,none,True,True
c4e69dd8-c2ba-46bc-8cdd-ad941f52e73e,none,True,True
8cfd3d2a-ac26-4151-aa7f-ddc18a62f922,LongMethod,True,False
5732ebb2-7511-43ba-9507-23f0caccafc6,none,True,True
8bd97522-89bb-42e6-97ee-73330288e8d6,none,True,True
65626424-6820-4ef1-b499-d66960080cbc,none,True,True
