55e5a45f-a169-421d-aae7-1c853620ddd5,ComplexMethod,True,False
a5e516f9-90a5-4e42-af72-3d06f8bf8905,LongMethod,True,False
444d5896-12ab-4091-a6c0-0ca3b0ec67d7,none,True,True
7b6293ba-22e6-46bd-a85d-63b361c990aa,LongMethod,True,False
20c1218a-52f0-4855-8ed9-6ab2e56b8512,LongMethod,True,True
a70703ba-8378-4609-9227-11caff4101f5,none,True,True
b2bf2494-0e8c-4def-aa00-c72fede44981,ComplexMethod,True,False
c881aa76-8962-4180-a57d-d13adc9d624c,ComplexMethod,False,True
78fae6cd-363b-4e4c-a498-cff24ed3f017,ComplexMethod,True,False
10b4533c-0779-4c6a-a5f5-02cc84a1c1d9,LongMethod,True,False
abec1d19-c7d0-4417-85e8-8c8711a542db,ComplexMethod,False,True
5ad3cc97-8aec-4cb7-b412-f1878442aac7,none,True,True
dfff6c79-998d-4f98-ab59-c18d36508842,none,True,True
8d9396f1-94c4-4bf6-b7a8-8a0fabf44360,ComplexMethod,False,True
e6f4bfba-1b78-4c22-820c-95c13d54b43a,ComplexMethod,True,False
9a7ffa18-2c56-4988-a077-caa574dffebf,LongMethod,True,False
e308e827-8c1e-47d2-9643-954527b6a8c2,LongMethod,True,False
cf09d3cd-48c6-44dd-8fa7-4b3f5230d27f,LongMethod,True,False
f21becb8-172c-434d-a868-4afde7de4652,none,True,True
4a33bb16-f633-48b9-9d8e-01375b95160e,ComplexMethod,True,False
e87f9d0c-823c-47d9-bb91-bef2c499afe5,LongMethod,True,False
863cb956-f118-4adb-8c11-f7d1461cfd7c,none,True,True
b7dfdd48-4bc0-4039-9d6b-d15b75a077a4,none,True,True
56aab99d-ea07-47c3-9a60-150160977274,ComplexMethod,False,True
a7e6ff79-46b7-4a2e-8a61-359f73f7b290,none,True,True
64cb1287-5f73-482b-973d-4e00071e7947,MultiFaceted,True,True
7483e849-0c5d-48a3-adab-b078c23c00bc,MultiFaceted,True,True
8770c531-0d69-4ea1-aad5-f6a9c5cd9a47,LongMethod,True,False
60e58271-ede6-4a90-b379-9dae862f1bfa,none,True,True
5ac1b032-ec0f-4d50-9e79-18261895e996,none,True,True
a5dcfc64-8724-44cf-8099-d2fdec371b25,LongMethod,True,False
02be8fbd-0bad-4dfd-99f9-e460704ff1b7,ComplexMethod,True,False
92ded4e3-c8f1-4747-b6fa-ba2e12909ded,LongMethod,True,False
51f04655-7dbc-42d1-8c59-fc7ef9cd851c,LongMethod,True,False
fd86d0fe-cccf-464a-b2ee-028a90cf2396,LongMethod,True,False
ab4d631a-a17d-492e-b404-d1c0d7671688,ComplexMethod,True,False
16565482-cdc2-4bd8-9113-c8db5c315087,LongMethod,True,False
fa580ca8-d26f-44d2-9831-4770d1031b40,none,True,True
5690e673-374e-4d96-8133-304dffaac02c,none,True,True
