1b17d5d6-5f16-487a-a931-2e49a0deebba,none,True,True
ad4cb9fc-ae5c-49b7-b1c2-a67dd860bf30,none,True,True
778bedf0-0198-4dc0-863f-a3d40c955c99,none,True,True
29c588c5-a943-42cd-8a51-f9a5d0d08a6c,none,True,True
d2132b3c-8ca2-4b45-a9ba-4d04163c5f82,none,True,True
b032f61e-197b-4701-8877-df2c9bfbe860,none,True,True
1d2266b0-0bc4-4661-ab35-b330e34275b6,none,True,True
a284a73e-045f-4176-9680-53abcb7e2611,none,True,True
b01cbfdd-29d8-4316-9faf-f0dc870cfc5f,none,True,True
30790c1b-6872-44aa-93e8-af1672c69afb,MultiFaceted,False,True
c916335d-1a96-485b-95ab-5e93cba6737a,none,True,True
585d4152-ff2e-4929-a13f-f41a2699e555,ComplexMethod,False,True
749a2d0d-529c-4fcd-bbc9-a6aaf2afb37f,none,True,True
492dbb05-6af3-47a4-8da9-36121e02edd5,LongMethod,True,True
9726103d-9a4d-490e-8976-fb0ec801e431,LongMethod,True,True
349e6618-a596-478f-b52f-b24cbff85f42,ComplexMethod,True,True
699e8e6f-8b6a-456a-b843-5284e172c2aa,none,True,True
7fa28df1-e952-4a25-9339-950c8e3b7c3c,none,True,True
6bd0b656-626f-4f45-ae26-7cdc94596246,ComplexMethod,True,True
22057f35-7d91-4724-b347-a5ce2a59e093,ComplexMethod,True,False
5c10d7c8-fab4-4566-b2eb-f2bd1005e109,none,True,True
3cf91ef2-705a-4a17-94b9-170b11aa8684,none,True,True
8535d947-fa7b-438b-82bb-5d2fc4920b0e,none,True,True
eacc672b-8b10-4789-b167-08eb778ad9c4,none,True,True
f50e21d6-30b9-491a-872a-d03ffb9b936f,none,True,True
3cf10f77-9169-472c-9932-cacc565842b7,none,True,True
1a4b08c6-23c3-413e-b970-8b19173999dd,none,True,True
30c63b91-e818-44ff-9398-1ff1ad9ec89c,MultiFaceted,False,True
283c72a6-4b25-49bc-80d0-a353c5c4ed24,none,True,True
d829a2a2-10a9-4c85-8651-26297c824763,none,True,True
c17c903c-c7a2-4d6a-a04f-3ed64b4558be,none,True,True
51fe5c91-39d6-4ccc-a877-a101da39484a,none,True,True
6b61f9ad-2f48-4b23-9e52-8d21a0a1270b,none,True,True
d4530e45-61b6-4b34-8f08-7ea12c29ebef,none,True,True
ae134f54-420d-451c-bb61-ad560dad4407,none,True,True
93c665d5-b781-4617-bcc2-ea3096da6b65,none,True,True
d3a04847-52bd-429d-b935-c316cd395344,none,True,True
c72e9719-defc-45d6-871a-778166978582,MultiFaceted,False,True
80927d94-9bb1-4752-938d-95aea113c63c,LongMethod,True,True
dbafde95-b783-4f66-a5fd-6fd5088ef3bb,none,True,True
aa0c3ff9-22fc-40a6-b9a7-9377c712f6ba,none,True,True
968d92d6-84a6-4789-a468-61a4369a2d0b,none,True,True
0e876ffe-1667-4c9a-9818-b85d861261db,ComplexMethod,False,True
23a7cb4e-7d29-4471-a484-738da7bbdbb0,none,True,True
093c8170-871e-40ce-9182-bcb04d922890,ComplexMethod,True,True
73884036-14be-4d66-9278-abedf46f8923,ComplexMethod,False,True
d34da44f-0c1a-47c7-93d9-5f9fcc5a5c0d,LongMethod,False,True
045c7bbf-d690-446f-a1b9-c666ed6a8a14,ComplexMethod,False,True
cc6d85a4-a4bf-4af3-bddd-bdcaa5e58ecb,ComplexMethod,True,True
2392dacb-9ca5-48f8-ae4d-df1be0462812,ComplexMethod,False,True
