ca84536e-5a88-4b0f-8979-782f08a4ea77,LongMethod,True,False
b06be3d5-0378-465a-a361-4c7f396c2ee5,LongMethod,True,False
f5385f3e-f629-42a4-a6d8-23a99ea0b58a,none,True,True
4af20db3-3a0f-42f8-b12d-135a4f826d82,none,True,True
8bccbc23-8470-48c0-935e-02b33110db8b,none,True,True
668bcac4-1014-4f9f-95fd-bc795401e2c6,ComplexMethod,True,False
ece89e09-7390-4595-8311-5fb37e37a70b,LongMethod,True,False
741617eb-1e3c-4ce8-b51d-4fa44522859f,none,True,True
7a177371-8917-4ea3-a70b-0a511715973e,none,True,True
3cf5c66f-ee8c-4c30-b184-07d6f3dfa3fe,none,True,True
ed31330f-d027-412c-b154-c363914133ff,ComplexMethod,False,True
405aede6-6db5-44bb-aa36-307f672d3cdb,none,True,True
8f149688-001f-4f59-b778-9f7d2081d6a9,ComplexMethod,False,True
9f1f4c60-ffc0-4f80-9828-0f89502245fb,ComplexMethod,False,True
3041834e-7b5e-471c-b32c-add75de1d99a,LongMethod,False,True
20e0c00f-0931-4132-965f-01d97332f81a,none,True,True
b7dea029-0a09-4119-b3b5-1d4a81ea4365,none,True,True
48bfa4f6-2c4d-481b-9d93-ff68fab40137,ComplexMethod,False,True
f9847b27-84f2-455e-8cd4-9842a79139d8,none,True,True
215dc383-ff31-4ace-9662-e74e188ee565,none,True,True
8503852e-fe9e-4198-aff8-c32df302469e,none,True,True
ad5da6c3-0968-49eb-a7a4-ed3eb7f353a8,none,True,True
659680cc-ac21-40c6-aaa6-f44fee55bb1d,ComplexMethod,False,True
68314f95-a07b-47ee-acef-79f91aa79bae,none,True,True
9537e7ba-fa2e-4d79-9559-aa3f93de5e53,none,True,True
8d37b0b0-1278-49c0-9e19-9ec78bf5905d,MultiFaceted,False,True
0b205500-e787-4428-994d-1bc2818465d2,none,True,True
bfa5bbf4-7cd7-4edd-856f-edb367dd04f2,none,True,True
9b9496f6-da9b-4b06-a39f-bc1f5f3058e3,none,True,True
2f5d6c45-7eb0-406e-a482-60fb66292cad,none,True,True
5249efa5-a7c4-4e1c-bbb5-690217172db0,none,True,True
ee6dd98b-f523-4fb1-9cc5-72150a962f02,none,True,True
bea46c93-7413-4798-9ea4-f33b84b0cb0e,none,True,True
0b9eabbe-0dc3-473f-aeee-0307675b5baa,none,True,True
f879cabd-5b2a-4d13-8f4d-814322f7852f,MultiFaceted,False,True
98ca708a-ccba-4166-8d90-d5e7bef05f52,none,True,True
d51879e5-a244-4d0c-9cfc-db88765e930b,none,True,True
fed2fc1e-d375-4efb-9336-3198e514b8a5,none,True,True
c8148778-4ed3-462f-b7d6-d96b81deeb9c,none,True,True
a6387e48-cb8c-43ea-9d67-0c3383bb7583,none,True,True
54673b7b-710d-435f-9ecd-29793561559a,none,True,True
88107e68-d520-431a-b831-effd3be9842a,none,True,True
a2ed052e-1cef-4da3-bb54-3c6acfe994ed,none,True,True
04cadff1-9702-4d50-8fb6-f67b60650d85,none,True,True
57617d9a-c329-4f45-8647-11a9bc82529b,none,True,True
be4dcea1-9fd8-4df4-9c4a-775c019888f4,none,True,True
1766a502-f0ee-4852-a958-17c02b70c9dc,none,True,True
013f71c5-b554-4e2f-9252-ff74b7a7ccee,none,True,True
e9b8c5b0-266c-47b1-8931-c1944b5f1ca1,ComplexMethod,False,True
c4779eef-5538-4948-9bce-1f6e3b7606d2,none,True,True
