2df5260b-60f4-410b-871f-13015e798750,none,True,True
abb61af5-c306-4da3-a77c-19eb4247bd58,none,True,True
36758410-7150-4ba3-a2a1-7d3a1a543019,none,True,True
3ebe61b6-4eea-4411-9f89-a7624c7fd9fa,none,True,True
b0edca99-dedc-4ace-a420-c5c00d977315,none,True,True
fb887577-ff80-4204-9fb6-3a7b29d43d5d,none,True,True
18aaad83-396c-4c54-bb6d-bd3375b5ede3,none,True,True
df4da298-d545-4c48-83de-05e011b6ba71,none,True,True
35e75f3c-57c1-47f6-9362-c5ed80c19f6c,none,True,True
d88ea7d5-51bd-4503-8e2f-7e0b57c87beb,none,True,True
313036fc-1b59-4a94-ac37-269277b8a768,none,True,True
7e558aec-024f-4909-934f-b8509359d07c,none,True,True
1131be61-fb86-4b3c-821d-801e44ee114f,none,True,True
7b6d6efd-67d1-4423-9766-8f79dd48ac99,none,True,True
6b64aa95-22e6-4438-acc2-0b8de09cca58,none,True,True
3212eb01-cad4-4b9f-9690-31b4ee00d26a,LongMethod,True,False
3d96c3db-2282-4e31-adb9-37315e0f2cd8,LongMethod,True,False
edb3a3ba-e437-488b-94e7-9a3937f35d0f,LongMethod,True,False
c3b0350a-977d-4c98-8982-c25c72deffbe,LongMethod,True,True
ddf7f2f4-db6a-4ca1-817c-2824f293ce08,LongMethod,True,False
dfdd4433-be77-4605-8ec6-88128ab1f30a,LongMethod,True,True
6da0a5e3-4a9b-4a39-aca3-2944cd36df04,ComplexMethod,False,True
802a9836-f734-4a59-96f5-b92275a7e558,LongMethod,True,False
ae6c3975-1aa8-49d9-ae7a-f80738cf351b,LongMethod,True,False
eb2202f9-f492-4818-87d7-fa6ffdd16f99,none,True,True
94bb3171-8237-44d5-b811-6bb0c4c64e35,LongMethod,True,False
13952f21-ebe0-4039-a63e-3c3a245122e9,none,True,True
a7bbc0df-d0a7-4e45-89f3-b6f58d8128ea,ComplexMethod,True,False
5cdf095a-9246-4989-b95b-6ae7a90746bb,none,True,True
50c09c30-0588-48da-b90b-be48c1748d05,none,True,True
03d685d5-670d-40fa-a5dc-ec61078a789c,ComplexMethod,True,True
6de17982-9d81-4e6c-aef8-2455b871cf5a,ComplexMethod,True,False
6749c3b3-c9e8-4834-ba71-edad8dc9d8bb,ComplexMethod,True,False
163a7902-980b-4098-a7b4-18208090b30f,none,True,True
2572cf15-1d07-4d43-90f8-0b7fda7f1a4f,none,True,True
453103a9-8bb8-4e76-90b5-84ca613677f8,none,True,True
07532af6-9636-4f1d-96ea-534a883fb5fd,none,True,True
3ac17e80-df89-4627-905e-d1bba8a865b1,none,True,True
3292efd7-a191-4edb-bc70-ab20b3d2216b,LongMethod,True,False
2e81c68c-b602-4f4a-bada-478a4698bb48,none,True,True
f49a8b0b-01ad-4318-a988-a3054becd1c0,LongMethod,True,True
e32e10bc-4da9-4048-b2d9-59ace58bcdae,LongMethod,True,True
9c257720-9a37-4883-b36b-b42fabb251e3,none,True,True
c175408b-5717-43c5-a17b-cca97b6c0ecd,none,True,True
872d3b74-d507-4be4-85f0-03cf2075cbf1,LongMethod,True,True
4d7a7366-6f3e-4e88-9ff0-0e6eb6fc533f,LongMethod,True,False
9c746910-cfd5-47b1-a756-d55152ee2f0f,none,True,True
adcc82d7-de85-4c9b-aaff-d397d97f2220,none,True,True
d250f7aa-96a9-4208-9fd7-4888061b8bba,none,True,True
