23486dbc-fe4e-452d-a638-70f11d021161,none,True,True
ecf9d6fa-e960-4437-9cac-4e5f3e6985b8,none,True,True
44ab591c-2c5b-40e5-a862-df8797963db7,ComplexMethod,False,True
d4dfbbc0-1621-45cd-8f2d-6edecac3ee96,ComplexMethod,False,True
f17ea426-18ad-47eb-9f0a-02949b81aa31,none,True,True
dd257517-8215-44db-b833-68f55ed8ea99,ComplexMethod,False,True
34edce5d-f125-43bc-9390-c60134533cb1,MultiFaceted,False,True
6f9de99d-85e6-433e-9bfc-25cbb751ed73,none,True,True
0a0cbe81-536d-4b08-8dd2-36c3e47df965,ComplexMethod,False,True
e7154e6a-c06f-47fd-8ee6-deb9a387237f,MultiFaceted,False,True
4ab35027-1e95-42a4-8d7b-b0eda948abd2,none,True,True
aafa9179-59ad-429a-b173-cd504aa8e980,none,True,True
2fcf7533-a9cc-4421-a998-220c38f5ee6f,none,True,True
b60cb483-85a9-4e65-b125-6478393a977d,none,True,True
e8cdc3b2-70f6-4048-a41c-f4da3b1a6830,ComplexMethod,False,True
d7e9c978-2bd5-4b9d-ab78-63a5a6676778,none,True,True
5b603a91-0907-4476-89a0-7736b643a013,none,True,True
1f8a8e77-eea8-45a3-a342-1b5214193628,none,True,True
c66ad006-007b-4a82-bf1c-ae1768580a10,none,True,True
35a9bf92-eb2b-45a8-b11a-7c42e1440534,none,True,True
218905b2-9464-4146-9e16-fd4b5ca0866f,none,True,True
81118d7c-6c46-45e9-8373-3d2565e54e3d,none,True,True
c0888ecb-d792-4321-a6b9-54ab40aec3e1,none,True,True
3d3c22cf-cdcc-43e9-92de-7f8e36a64364,none,True,True
a2ef2ad6-2c3b-4450-977f-541f037f7226,MultiFaceted,True,True
da9715ee-f52f-4b82-a3c7-f93e4c768ce7,MultiFaceted,True,True
7f8c709c-aa03-4b54-9a6a-b771000adeaf,none,True,True
47af0c2c-b2be-4378-bc5e-17080534cef0,none,True,True
0474cc4f-1ea8-47b2-b00f-2be722ca6e52,none,True,True
431d61c0-f808-4f2f-9d88-4cec50f5aed2,none,True,True
2c33d5f3-507c-438f-b112-a0a8b8b2e3b1,none,True,True
d3998b99-641b-4e4c-b0b3-a47b7f645799,none,True,True
79b835b9-e246-42f5-9ab2-0b883c69326e,none,True,True
1e060720-32d4-476f-876c-c0433a5ed6e1,none,True,True
6cb1b765-ce12-4f4f-8830-ed708afe1423,none,True,True
d95c67a0-48bf-4681-bc70-6b5a4718d66c,none,True,True
6e721865-b150-4ca9-bdb1-4eeaf0bbeffd,none,True,True
989c9abb-0945-4396-a84d-4dc53d25525f,none,True,True
f5e1b4d1-fe61-436b-9d02-984aebcfcb5e,LongMethod,False,True
b555380f-2025-4126-8378-0ea1621a1b3e,LongMethod,False,True
ccc37d50-1d35-4c4a-862a-4c1231068677,LongMethod,True,False
d1f6f5a2-2505-4b66-850d-f91d37a60df0,LongMethod,True,False
09758cd4-4d7a-4481-9ccf-bf55b4839c02,LongMethod,False,True
f47d7bcf-fc17-4ace-b166-32accca9b344,LongMethod,False,True
15a24bd9-0da0-4c3f-add6-bd688865bbb1,none,True,True
7fb604e5-2257-4e6b-a1a2-c0324a6761cb,none,True,True
75ce700c-5163-4382-952a-0be490aa9e27,none,True,True
b3590148-ad82-45f3-8b21-480267509be8,none,True,True
366e54a8-8cc8-4097-bda1-f4f2cef4f297,none,True,True
